<?xml version="1.0" encoding="UTF-8"?>
<beans xmlns="http://www.springframework.org/schema/beans"
  xmlns:xsi="http://www.w3.org/2001/XMLSchema-instance"
  xmlns:mvc="http://www.springframework.org/schema/mvc"
  xmlns:context="http://www.springframework.org/schema/context"
  xmlns:websocket="http://www.springframework.org/schema/websocket"
  xsi:schemaLocation="http://www.springframework.org/schema/mvc http://www.springframework.org/schema/mvc/spring-mvc.xsd
		http://www.springframework.org/schema/websocket http://www.springframework.org/schema/websocket/spring-websocket-4.0.xsd
		http://www.springframework.org/schema/beans http://www.springframework.org/schema/beans/spring-beans.xsd
		http://www.springframework.org/schema/context http://www.springframework.org/schema/context/spring-context.xsd">

  <mvc:annotation-driven />

  <mvc:resources mapping="/resources/**" location="/resources/" />

  <bean class="org.springframework.web.servlet.view.InternalResourceViewResolver">
    <property name="prefix" value="/WEB-INF/" />
    <property name="suffix" value=".jsp" />
  </bean>

  <context:component-scan base-package="com.gerrydevstory.stockticker" />

  <websocket:message-broker application-destination-prefix="/app">
    <websocket:stomp-endpoint path="/ws">
      <websocket:sockjs/>
    </websocket:stomp-endpoint>
    <websocket:simple-broker prefix="/topic"/>
  </websocket:message-broker>

</beans>
